pin_id,existing_amazon_url,suggested_website_url
"1102326446329743314","https://www.amazon.de/dp/B08R1DZLTL/?tag=mrtbuildsmrtpin-21","https://pinatelier.org/balkon-garten/?utm_source=pinterest&utm_medium=organic_social&utm_campaign=wohnideen&utm_content=1102326446329743314#pin-1102326446329743314"
"1102326446329737690","https://www.amazon.de/dp/B09DGBJN2C/?tag=mrtbuildsmrtpin-21","https://pinatelier.org/kueche/?utm_source=pinterest&utm_medium=organic_social&utm_campaign=wohnideen&utm_content=1102326446329737690#pin-1102326446329737690"
"1102326446329728046","https://www.amazon.de/dp/B0BLRJ4R8F/?tag=mrtbuildsmrtpin-21","https://pinatelier.org/ordnung/?utm_source=pinterest&utm_medium=organic_social&utm_campaign=wohnideen&utm_content=1102326446329728046#pin-1102326446329728046"
"1102326446329668045","https://www.amazon.de/dp/B0D9BN8FFN/?tag=mrtbuildsmrtpin-21","https://pinatelier.org/licht/?utm_source=pinterest&utm_medium=organic_social&utm_campaign=wohnideen&utm_content=1102326446329668045#pin-1102326446329668045"
"1102326446329654184","https://www.amazon.de/dp/B08GM8JQX2/?tag=mrtbuildsmrtpin-21","https://pinatelier.org/kueche/?utm_source=pinterest&utm_medium=organic_social&utm_campaign=wohnideen&utm_content=1102326446329654184#pin-1102326446329654184"
"1102326446329651396","https://www.amazon.de/dp/B0CNKKCMZ3/?tag=mrtbuildsmrtpin-21","https://pinatelier.org/ordnung/?utm_source=pinterest&utm_medium=organic_social&utm_campaign=wohnideen&utm_content=1102326446329651396#pin-1102326446329651396"
"1102326446329597549","https://www.amazon.de/dp/B0FF9NDX8Y/?tag=mrtbuildsmrtpin-21","https://pinatelier.org/lifestyle/?utm_source=pinterest&utm_medium=organic_social&utm_campaign=wohnideen&utm_content=1102326446329597549#pin-1102326446329597549"
"1102326446329595316","https://www.amazon.de/dp/B07X9MNF8V/?tag=mrtbuildsmrtpin-21","https://pinatelier.org/kueche/?utm_source=pinterest&utm_medium=organic_social&utm_campaign=wohnideen&utm_content=1102326446329595316#pin-1102326446329595316"
"1102326446329579166","https://www.amazon.de/dp/B0CFPXBJ9Y/?tag=mrtbuildsmrtpin-21","https://pinatelier.org/lifestyle/?utm_source=pinterest&utm_medium=organic_social&utm_campaign=wohnideen&utm_content=1102326446329579166#pin-1102326446329579166"
"1102326446329515559","https://www.amazon.de/dp/B0935DN1BN/?tag=mrtbuildsmrtpin-21","https://pinatelier.org/lifestyle/?utm_source=pinterest&utm_medium=organic_social&utm_campaign=wohnideen&utm_content=1102326446329515559#pin-1102326446329515559"
"1102326446329495765","https://www.amazon.de/dp/B09B8X9RGM/?tag=mrtbuildsmrtpin-21","https://pinatelier.org/wohnen/?utm_source=pinterest&utm_medium=organic_social&utm_campaign=wohnideen&utm_content=1102326446329495765#pin-1102326446329495765"
"1102326446329484946","https://www.amazon.de/dp/B08X6DF7M5/?tag=mrtbuildsmrtpin-21","https://pinatelier.org/lifestyle/?utm_source=pinterest&utm_medium=organic_social&utm_campaign=wohnideen&utm_content=1102326446329484946#pin-1102326446329484946"
"1102326446329431564","https://www.amazon.de/dp/B0BNDLND3Y/?tag=mrtbuildsmrtpin-21","https://pinatelier.org/licht/?utm_source=pinterest&utm_medium=organic_social&utm_campaign=wohnideen&utm_content=1102326446329431564#pin-1102326446329431564"
"1102326446329410516","https://www.amazon.de/dp/B07Y225D1H/?tag=mrtbuildsmrtpin-21","https://pinatelier.org/lifestyle/?utm_source=pinterest&utm_medium=organic_social&utm_campaign=wohnideen&utm_content=1102326446329410516#pin-1102326446329410516"
"1102326446329401014","https://www.amazon.de/dp/B08PKQVBH8/?tag=mrtbuildsmrtpin-21","https://pinatelier.org/kueche/?utm_source=pinterest&utm_medium=organic_social&utm_campaign=wohnideen&utm_content=1102326446329401014#pin-1102326446329401014"
"1102326446329343304","https://www.amazon.de/dp/B09134V69J/?tag=mrtbuildsmrtpin-21","https://pinatelier.org/lifestyle/?utm_source=pinterest&utm_medium=organic_social&utm_campaign=wohnideen&utm_content=1102326446329343304#pin-1102326446329343304"
"1102326446329336813","https://www.amazon.de/dp/B08HM4133L/?tag=mrtbuildsmrtpin-21","https://pinatelier.org/lifestyle/?utm_source=pinterest&utm_medium=organic_social&utm_campaign=wohnideen&utm_content=1102326446329336813#pin-1102326446329336813"
"1102326446329326354","https://www.amazon.de/dp/B0DCZDNYGY/?tag=mrtbuildsmrtpin-21","https://pinatelier.org/lifestyle/?utm_source=pinterest&utm_medium=organic_social&utm_campaign=wohnideen&utm_content=1102326446329326354#pin-1102326446329326354"
"1102326446329247112","https://www.amazon.de/dp/B0BF9RTK3F/?tag=mrtbuildsmrtpin-21","https://pinatelier.org/kueche/?utm_source=pinterest&utm_medium=organic_social&utm_campaign=wohnideen&utm_content=1102326446329247112#pin-1102326446329247112"
"1102326446329241777","https://www.amazon.de/dp/B07DLR183B/?tag=mrtbuildsmrtpin-21","https://pinatelier.org/kueche/?utm_source=pinterest&utm_medium=organic_social&utm_campaign=wohnideen&utm_content=1102326446329241777#pin-1102326446329241777"
"1102326446329240829","https://www.amazon.de/dp/B0GGC6ZW2S/?tag=mrtbuildsmrtpin-21","https://pinatelier.org/ordnung/?utm_source=pinterest&utm_medium=organic_social&utm_campaign=wohnideen&utm_content=1102326446329240829#pin-1102326446329240829"
"1102326446329174043","https://www.amazon.de/dp/B0C3M23PD8?tag=mrtbuildsmrtpin-21","https://pinatelier.org/kueche/?utm_source=pinterest&utm_medium=organic_social&utm_campaign=wohnideen&utm_content=1102326446329174043#pin-1102326446329174043"
"1102326446329167603","https://www.amazon.de/dp/B0BYKB9X4W?tag=mrtbuildsmrtpin-21","https://pinatelier.org/ordnung/?utm_source=pinterest&utm_medium=organic_social&utm_campaign=wohnideen&utm_content=1102326446329167603#pin-1102326446329167603"
"1102326446329158011","https://www.amazon.de/dp/B0C1CT6BQT?tag=mrtbuildsmrtpin-21","https://pinatelier.org/ordnung/?utm_source=pinterest&utm_medium=organic_social&utm_campaign=wohnideen&utm_content=1102326446329158011#pin-1102326446329158011"
"1102326446329095733","https://www.amazon.de/Juskys-Eisw%C3%BCrfelmaschine-IceOracle-Eisw%C3%BCrfelbereiter-Eisw%C3%BCrfelbeh%C3%A4lter/dp/B0D5QMJBQH?tag=mrtbuildsmrtpin-21","https://pinatelier.org/kueche/?utm_source=pinterest&utm_medium=organic_social&utm_campaign=wohnideen&utm_content=1102326446329095733#pin-1102326446329095733"
"1102326446329081951","https://www.amazon.de/Ainiv-Leuchtbrille-Aufladbar-Kabellos-Sonnenbrille/dp/B09JZ86991?tag=mrtbuildsmrtpin-21","https://pinatelier.org/lifestyle/?utm_source=pinterest&utm_medium=organic_social&utm_campaign=wohnideen&utm_content=1102326446329081951#pin-1102326446329081951"
"1102326446329081593","https://www.amazon.de/dp/B0DXKZGCH4/?tag=mrtbuildsmrtpin-21","https://pinatelier.org/lifestyle/?utm_source=pinterest&utm_medium=organic_social&utm_campaign=wohnideen&utm_content=1102326446329081593#pin-1102326446329081593"
"1102326446329079465","https://www.amazon.de/Relaxdays-Brotdose-Edelstahl-auslaufsicher-luftdicht/dp/B0CNWKMFBQ?tag=mrtbuildsmrtpin-21","https://pinatelier.org/kueche/?utm_source=pinterest&utm_medium=organic_social&utm_campaign=wohnideen&utm_content=1102326446329079465#pin-1102326446329079465"
"1102326446329077646","https://www.amazon.de/dp/B0DRG4B4MJ/?tag=mrtbuildsmrtpin-21","https://pinatelier.org/kueche/?utm_source=pinterest&utm_medium=organic_social&utm_campaign=wohnideen&utm_content=1102326446329077646#pin-1102326446329077646"
"1102326446329021988","https://www.amazon.de/dp/B0D4TQCGTB/?tag=mrtbuildsmrtpin-21","https://pinatelier.org/wohnen/?utm_source=pinterest&utm_medium=organic_social&utm_campaign=wohnideen&utm_content=1102326446329021988#pin-1102326446329021988"
"1102326446329014340","https://www.amazon.de/Gritin-Wiederaufladbare-Farbtemperatur-Stufenlose-Helligkeit/dp/B0BGN9R72N/?tag=mrtbuildsmrtpin-21","https://pinatelier.org/licht/?utm_source=pinterest&utm_medium=organic_social&utm_campaign=wohnideen&utm_content=1102326446329014340#pin-1102326446329014340"
"1102326446328926829","https://www.amazon.de/GR%C3%84WE-Kaffeebereiter-Glaskaraffe-Borosilikatglas-Edelstahl-Filter/dp/B0CJ52WZC5/?tag=mrtbuildsmrtpin-21","https://pinatelier.org/kueche/?utm_source=pinterest&utm_medium=organic_social&utm_campaign=wohnideen&utm_content=1102326446328926829#pin-1102326446328926829"
"1102326446328913189","https://www.amazon.de/homent-Wochenplaner-undatiert-Wochen%C3%BCbersicht-Minimalistischer/dp/B0FKPPQCWS/?tag=mrtbuildsmrtpin-21","https://pinatelier.org/ordnung/?utm_source=pinterest&utm_medium=organic_social&utm_campaign=wohnideen&utm_content=1102326446328913189#pin-1102326446328913189"
"1102326446328903399","https://www.amazon.de/Gro%C3%9F-Halloween-Ausstechformen-Set-Angstkatze/dp/B07VKB93T5/?tag=mrtbuildsmrtpin-21","https://pinatelier.org/kueche/?utm_source=pinterest&utm_medium=organic_social&utm_campaign=wohnideen&utm_content=1102326446328903399#pin-1102326446328903399"
"1102326446328846691","https://www.amazon.de/dp/B00NIDQ5Y6/?tag=mrtbuildsmrtpin-21","https://pinatelier.org/lifestyle/?utm_source=pinterest&utm_medium=organic_social&utm_campaign=wohnideen&utm_content=1102326446328846691#pin-1102326446328846691"
"1102326446328824981","https://www.amazon.de/dp/B0C9T6MMMD/?tag=mrtbuildsmrtpin-21","https://pinatelier.org/wohnen/?utm_source=pinterest&utm_medium=organic_social&utm_campaign=wohnideen&utm_content=1102326446328824981#pin-1102326446328824981"
"1102326446328815709","https://www.amazon.de/dp/B0H3NDJTFL/?tag=mrtbuildsmrtpin-21","https://pinatelier.org/lifestyle/?utm_source=pinterest&utm_medium=organic_social&utm_campaign=wohnideen&utm_content=1102326446328815709#pin-1102326446328815709"
"1102326446328761399","https://www.amazon.de/Halloween-Fu%C3%9Fmatte-Gummi-Unterlage-Party-Zubeh%C3%B6r-Festtags-Accessoire-pflegeleichter/dp/B0HCNMJCJJ/?tag=mrtbuildsmrtpin-21","https://pinatelier.org/wohnen/?utm_source=pinterest&utm_medium=organic_social&utm_campaign=wohnideen&utm_content=1102326446328761399#pin-1102326446328761399"
"1102326446328755936","https://www.amazon.de/dp/B0888BK2XB/?tag=mrtbuildsmrtpin-21","https://pinatelier.org/lifestyle/?utm_source=pinterest&utm_medium=organic_social&utm_campaign=wohnideen&utm_content=1102326446328755936#pin-1102326446328755936"
"1102326446328746613","https://www.amazon.de/dp/B07ZDR6R97/?tag=mrtbuildsmrtpin-21","https://pinatelier.org/ordnung/?utm_source=pinterest&utm_medium=organic_social&utm_campaign=wohnideen&utm_content=1102326446328746613#pin-1102326446328746613"
"1102326446328669657","https://www.amazon.de/dp/B0DG8DNWXR/?tag=mrtbuildsmrtpin-21","https://pinatelier.org/lifestyle/?utm_source=pinterest&utm_medium=organic_social&utm_campaign=wohnideen&utm_content=1102326446328669657#pin-1102326446328669657"
"1102326446328664676","https://www.amazon.de/Monin-Sirup-Vanille-aus-Madagaskar/dp/B0F21XKQRD/?tag=mrtbuildsmrtpin-21","https://pinatelier.org/kueche/?utm_source=pinterest&utm_medium=organic_social&utm_campaign=wohnideen&utm_content=1102326446328664676#pin-1102326446328664676"
"1102326446328663457","https://www.amazon.de/dp/B0DXKZGCH4/?tag=mrtbuildsmrtpin-21","https://pinatelier.org/lifestyle/?utm_source=pinterest&utm_medium=organic_social&utm_campaign=wohnideen&utm_content=1102326446328663457#pin-1102326446328663457"
"1102326446328595539","https://www.amazon.de/dp/B0CGLJGPTD/?tag=mrtbuildsmrtpin-21","https://pinatelier.org/lifestyle/?utm_source=pinterest&utm_medium=organic_social&utm_campaign=wohnideen&utm_content=1102326446328595539#pin-1102326446328595539"
"1102326446328589556","https://www.amazon.de/Spinnennetz-Fledermaus-Fensterbilder-Moxled-Wandaufkleber/dp/B0C85RJSM7/?tag=mrtbuildsmrtpin-21","https://pinatelier.org/wohnen/?utm_source=pinterest&utm_medium=organic_social&utm_campaign=wohnideen&utm_content=1102326446328589556#pin-1102326446328589556"
"1102326446328581092","https://www.amazon.de/BIBURY-Auslaufsicher-Brotzeitbox-Sp%C3%BClmaschinenfest-Mikrowellengeeignet/dp/B0BQBX519Q/?tag=mrtbuildsmrtpin-21","https://pinatelier.org/kueche/?utm_source=pinterest&utm_medium=organic_social&utm_campaign=wohnideen&utm_content=1102326446328581092#pin-1102326446328581092"
"1102326446328527050","https://www.amazon.de/dp/B076F3C4XP?tag=mrtbuildsmrtpin-21","https://pinatelier.org/kueche/?utm_source=pinterest&utm_medium=organic_social&utm_campaign=wohnideen&utm_content=1102326446328527050#pin-1102326446328527050"
"1102326446328509701","https://www.amazon.de/dp/B08QR8BVZS?tag=mrtbuildsmrtpin-21","https://pinatelier.org/lifestyle/?utm_source=pinterest&utm_medium=organic_social&utm_campaign=wohnideen&utm_content=1102326446328509701#pin-1102326446328509701"
"1102326446328507241","https://www.amazon.de/dp/B0C7C1H56V?tag=mrtbuildsmrtpin-21","https://pinatelier.org/wohnen/?utm_source=pinterest&utm_medium=organic_social&utm_campaign=wohnideen&utm_content=1102326446328507241#pin-1102326446328507241"
"1102326446328446008","https://www.amazon.de/dp/B0C9QBRH81?tag=mrtbuildsmrtpin-21","https://pinatelier.org/ordnung/?utm_source=pinterest&utm_medium=organic_social&utm_campaign=wohnideen&utm_content=1102326446328446008#pin-1102326446328446008"
"1102326446328431457","https://www.amazon.de/dp/B0FH6YBXZY?tag=mrtbuildsmrtpin-21","https://pinatelier.org/wohnen/?utm_source=pinterest&utm_medium=organic_social&utm_campaign=wohnideen&utm_content=1102326446328431457#pin-1102326446328431457"
"1102326446328422574","https://www.amazon.de/dp/B08FST3H95?tag=mrtbuildsmrtpin-21","https://pinatelier.org/lifestyle/?utm_source=pinterest&utm_medium=organic_social&utm_campaign=wohnideen&utm_content=1102326446328422574#pin-1102326446328422574"
"1102326446328363340","https://www.amazon.de/s?k=led+uv+nagellampe+gel+n%C3%A4gel&tag=mrtbuildsmrtpin-21","https://pinatelier.org/lifestyle/?utm_source=pinterest&utm_medium=organic_social&utm_campaign=wohnideen&utm_content=1102326446328363340#pin-1102326446328363340"
"1102326446328350806","https://www.amazon.de/s?k=wiederverwendbarer+iced+coffee+becher+strohhalm&tag=mrtbuildsmrtpin-21","https://pinatelier.org/kueche/?utm_source=pinterest&utm_medium=organic_social&utm_campaign=wohnideen&utm_content=1102326446328350806#pin-1102326446328350806"
"1102326446328341936","https://www.amazon.de/s?k=keramik+bemalen+set&tag=mrtbuildsmrtpin-21","https://pinatelier.org/lifestyle/?utm_source=pinterest&utm_medium=organic_social&utm_campaign=wohnideen&utm_content=1102326446328341936#pin-1102326446328341936"
"1102326446328285216","https://www.amazon.de/s?k=deko+spinnennetz+halloween&tag=mrtbuildsmrtpin-21","https://pinatelier.org/wohnen/?utm_source=pinterest&utm_medium=organic_social&utm_campaign=wohnideen&utm_content=1102326446328285216#pin-1102326446328285216"
"1102326446328266118","https://www.amazon.de/s?k=ringlicht+mit+stativ+smartphone&tag=mrtbuildsmrtpin-21","https://pinatelier.org/lifestyle/?utm_source=pinterest&utm_medium=organic_social&utm_campaign=wohnideen&utm_content=1102326446328266118#pin-1102326446328266118"
"1102326446328256722","https://www.amazon.de/s?k=verstellbarer+buchst%C3%A4nder+bambus&tag=mrtbuildsmrtpin-21","https://pinatelier.org/ordnung/?utm_source=pinterest&utm_medium=organic_social&utm_campaign=wohnideen&utm_content=1102326446328256722#pin-1102326446328256722"
"1102326446328189478","https://www.amazon.de/s?k=led+teelichter+halloween&tag=mrtbuildsmrtpin-21","https://pinatelier.org/wohnen/?utm_source=pinterest&utm_medium=organic_social&utm_campaign=wohnideen&utm_content=1102326446328189478#pin-1102326446328189478"
"1102326446328185294","https://www.amazon.de/s?k=mini+fotodrucker+portable&tag=mrtbuildsmrtpin-21","https://pinatelier.org/lifestyle/?utm_source=pinterest&utm_medium=organic_social&utm_campaign=wohnideen&utm_content=1102326446328185294#pin-1102326446328185294"
"1102326446328184313","https://www.amazon.de/s?k=straight+leg+jeans+damen&tag=mrtbuildsmrtpin-21","https://pinatelier.org/lifestyle/?utm_source=pinterest&utm_medium=organic_social&utm_campaign=wohnideen&utm_content=1102326446328184313#pin-1102326446328184313"
"1102326446328115628","https://www.amazon.de/dp/B09MKX354Z?tag=mrtbuildsmrt-21","https://pinatelier.org/balkon-garten/?utm_source=pinterest&utm_medium=organic_social&utm_campaign=wohnideen&utm_content=1102326446328115628#pin-1102326446328115628"
"1102326446328114238","https://www.amazon.de/s?k=acrylic+paint+markers+ceramic+porcelain&tag=mrtbuildsmrtpin-21","https://pinatelier.org/lifestyle/?utm_source=pinterest&utm_medium=organic_social&utm_campaign=wohnideen&utm_content=1102326446328114238#pin-1102326446328114238"
"1102326446328114232","https://www.amazon.de/s?k=acrylic+paint+markers+ceramic+porcelain&tag=mrtbuildsmrtpin-21","https://pinatelier.org/lifestyle/?utm_source=pinterest&utm_medium=organic_social&utm_campaign=wohnideen&utm_content=1102326446328114232#pin-1102326446328114232"
"1102326446328114225","https://www.amazon.de/s?k=nail+art+dotting+tool+set&tag=mrtbuildsmrtpin-21","https://pinatelier.org/lifestyle/?utm_source=pinterest&utm_medium=organic_social&utm_campaign=wohnideen&utm_content=1102326446328114225#pin-1102326446328114225"
"1102326446328110594","https://www.amazon.de/s?k=iced+coffee+tumbler+with+straw&tag=mrtbuildsmrtpin-21","https://pinatelier.org/kueche/?utm_source=pinterest&utm_medium=organic_social&utm_campaign=wohnideen&utm_content=1102326446328110594#pin-1102326446328110594"
"1102326446328045813","https://www.amazon.de/s?k=iced+coffee+tumbler+with+straw&tag=mrtbuildsmrtpin-21","https://pinatelier.org/kueche/?utm_source=pinterest&utm_medium=organic_social&utm_campaign=wohnideen&utm_content=1102326446328045813#pin-1102326446328045813"
"1102326446328031345","https://www.amazon.de/s?k=nail+art+dotting+tool+set&tag=mrtbuildsmrtpin-21","https://pinatelier.org/lifestyle/?utm_source=pinterest&utm_medium=organic_social&utm_campaign=wohnideen&utm_content=1102326446328031345#pin-1102326446328031345"
"1102326446327954305","https://www.amazon.de/dp/B0DP8GMM1Q?tag=mrtbuildsmrtpin-21","https://pinatelier.org/licht/?utm_source=pinterest&utm_medium=organic_social&utm_campaign=wohnideen&utm_content=1102326446327954305#pin-1102326446327954305"
"1102326446327951193","https://www.amazon.de/dp/B0BR1TJJ9X?tag=mrtbuildsmrt-21","https://pinatelier.org/ordnung/?utm_source=pinterest&utm_medium=organic_social&utm_campaign=wohnideen&utm_content=1102326446327951193#pin-1102326446327951193"
"1102326446327892070","https://www.amazon.de/dp/B006NYISRO?tag=mrtbuildsmrt-21","https://pinatelier.org/wohnen/?utm_source=pinterest&utm_medium=organic_social&utm_campaign=wohnideen&utm_content=1102326446327892070#pin-1102326446327892070"
"1102326446327887998","https://www.amazon.de/s?k=iced+coffee+tumbler+with+straw&tag=mrtbuildsmrtpin-21","https://pinatelier.org/kueche/?utm_source=pinterest&utm_medium=organic_social&utm_campaign=wohnideen&utm_content=1102326446327887998#pin-1102326446327887998"
"1102326446327868950","https://www.amazon.de/s?k=acrylic+paint+markers+ceramic+porcelain&tag=mrtbuildsmrtpin-21","https://pinatelier.org/lifestyle/?utm_source=pinterest&utm_medium=organic_social&utm_campaign=wohnideen&utm_content=1102326446327868950#pin-1102326446327868950"
"1102326446327865969","https://www.amazon.de/s?k=nail+art+dotting+tool+set&tag=mrtbuildsmrtpin-21","https://pinatelier.org/lifestyle/?utm_source=pinterest&utm_medium=organic_social&utm_campaign=wohnideen&utm_content=1102326446327865969#pin-1102326446327865969"
"1102326446327802509","https://www.amazon.de/dp/B09C7JV49G?tag=mrtbuildsmrtpin-21","https://pinatelier.org/lifestyle/?utm_source=pinterest&utm_medium=organic_social&utm_campaign=wohnideen&utm_content=1102326446327802509#pin-1102326446327802509"
"1102326446327787139","https://www.amazon.de/dp/B0F2TH8PQ6?tag=mrtbuildsmrtpin-21","https://pinatelier.org/balkon-garten/?utm_source=pinterest&utm_medium=organic_social&utm_campaign=wohnideen&utm_content=1102326446327787139#pin-1102326446327787139"
"1102326446327777769","https://www.amazon.de/dp/B0CHWZ9TZS?tag=mrtbuildsmrtpin-21","https://pinatelier.org/lifestyle/?utm_source=pinterest&utm_medium=organic_social&utm_campaign=wohnideen&utm_content=1102326446327777769#pin-1102326446327777769"
"1102326446327701583","https://www.amazon.de/dp/B0CY2GL53G?tag=mrtbuildsmrtpin-21","https://pinatelier.org/wohnen/?utm_source=pinterest&utm_medium=organic_social&utm_campaign=wohnideen&utm_content=1102326446327701583#pin-1102326446327701583"
"1102326446327692271","https://www.amazon.de/dp/B0F1C8J3W7?tag=mrtbuildsmrtpin-21","https://pinatelier.org/wohnen/?utm_source=pinterest&utm_medium=organic_social&utm_campaign=wohnideen&utm_content=1102326446327692271#pin-1102326446327692271"
"1102326446327630658","https://www.amazon.de/dp/B0CFPXBJ9Y?tag=mrtbuildsmrtpin-21","https://pinatelier.org/lifestyle/?utm_source=pinterest&utm_medium=organic_social&utm_campaign=wohnideen&utm_content=1102326446327630658#pin-1102326446327630658"
"1102326446327620618","https://www.amazon.de/dp/B0CJKTWTVT?tag=mrtbuildsmrtpin-21","https://pinatelier.org/wohnen/?utm_source=pinterest&utm_medium=organic_social&utm_campaign=wohnideen&utm_content=1102326446327620618#pin-1102326446327620618"
"1102326446327547143","https://www.amazon.de/dp/B07YPSZ566?tag=mrtbuildsmrtpin-21","https://pinatelier.org/lifestyle/?utm_source=pinterest&utm_medium=organic_social&utm_campaign=wohnideen&utm_content=1102326446327547143#pin-1102326446327547143"
"1102326446327541560","https://www.amazon.de/dp/B09MKPDJRT?tag=mrtbuildsmrtpin-21","https://pinatelier.org/wohnen/?utm_source=pinterest&utm_medium=organic_social&utm_campaign=wohnideen&utm_content=1102326446327541560#pin-1102326446327541560"
"1102326446327541559","https://www.amazon.de/Bialetti-Moka-Express-Espressokocher-Aluminium/dp/B0000AN3QI?tag=mrtbuildsmrtpin-21","https://pinatelier.org/kueche/?utm_source=pinterest&utm_medium=organic_social&utm_campaign=wohnideen&utm_content=1102326446327541559#pin-1102326446327541559"
"1102326446327536486","https://www.amazon.de/dp/B09B8X9RGM?tag=mrtbuildsmrtpin-21","https://pinatelier.org/wohnen/?utm_source=pinterest&utm_medium=organic_social&utm_campaign=wohnideen&utm_content=1102326446327536486#pin-1102326446327536486"
"1102326446327536483","https://www.amazon.de/-/en/KODAK-Mini-Sofortbildkamera-Blatt-Schwarz/dp/B0CJDSQHCH?tag=mrtbuildsmrtpin-21","https://pinatelier.org/lifestyle/?utm_source=pinterest&utm_medium=organic_social&utm_campaign=wohnideen&utm_content=1102326446327536483#pin-1102326446327536483"
"1102326446327535657","https://www.amazon.de/Lego-Mini-Orchidee-Gl%C3%BCcks-Bambus/dp/B0DR9925NN?tag=mrtbuildsmrtpin-21","https://pinatelier.org/wohnen/?utm_source=pinterest&utm_medium=organic_social&utm_campaign=wohnideen&utm_content=1102326446327535657#pin-1102326446327535657"
"1102326446327481597","https://www.amazon.de/JISULIFE-Fan-Handheld-Battery-Rechargeable/dp/B0F6LKV847?tag=mrtbuildsmrtpin-21","https://pinatelier.org/lifestyle/?utm_source=pinterest&utm_medium=organic_social&utm_campaign=wohnideen&utm_content=1102326446327481597#pin-1102326446327481597"
"1102326446327477207","https://www.amazon.de/JBL-Clip-Schwarz-Bluetooth-Lautsprecher-Box-Playtime-Boost-Funktion/dp/B0CX94G62T?tag=mrtbuildsmrtpin-21","https://pinatelier.org/lifestyle/?utm_source=pinterest&utm_medium=organic_social&utm_campaign=wohnideen&utm_content=1102326446327477207#pin-1102326446327477207"
"1102326446327468143","https://www.amazon.de/Stanley-Quencher-Flowstate-Trinkflasche-Strohhalm/dp/B0DFWT82GM?tag=mrtbuildsmrtpin-21","https://pinatelier.org/kueche/?utm_source=pinterest&utm_medium=organic_social&utm_campaign=wohnideen&utm_content=1102326446327468143#pin-1102326446327468143"
"1102326446329751185","https://www.amazon.de/dp/B08CNGDJ86?tag=mrtbuildsmrtpin-21","https://pinatelier.org/licht/?utm_source=pinterest&utm_medium=organic_social&utm_campaign=wohnideen&utm_content=1102326446329751185#pin-1102326446329751185"
"1102326446329644118","https://www.amazon.de/dp/B06XYWKRSK?tag=mrtbuildsmrtpin-21","https://pinatelier.org/licht/?utm_source=pinterest&utm_medium=organic_social&utm_campaign=wohnideen&utm_content=1102326446329644118#pin-1102326446329644118"
"1102326446329576584","https://www.amazon.de/dp/B01DFGHKU8?tag=mrtbuildsmrtpin-21","https://pinatelier.org/licht/?utm_source=pinterest&utm_medium=organic_social&utm_campaign=wohnideen&utm_content=1102326446329576584#pin-1102326446329576584"
"1102326446329490475","https://www.amazon.de/dp/B01MTKVZNO?tag=mrtbuildsmrtpin-21","https://pinatelier.org/licht/?utm_source=pinterest&utm_medium=organic_social&utm_campaign=wohnideen&utm_content=1102326446329490475#pin-1102326446329490475"
"1102326446329252196","https://www.amazon.de/Iittala-Alvar-Aalto-Ultramarinblau-Limited/dp/B000NU4S8W?tag=mrtbuildsmrtpin-21","https://pinatelier.org/wohnen/?utm_source=pinterest&utm_medium=organic_social&utm_campaign=wohnideen&utm_content=1102326446329252196#pin-1102326446329252196"
"1102326446329073082","https://www.amazon.de/dp/B0958395L8/?tag=mrtbuildsmrtpin-21","https://pinatelier.org/wohnen/?utm_source=pinterest&utm_medium=organic_social&utm_campaign=wohnideen&utm_content=1102326446329073082#pin-1102326446329073082"
"1102326446328674505","https://www.amazon.de/Flos-Low-Tischlampe-Stahl-Schwarz/dp/B07JPF8VTD/?tag=mrtbuildsmrtpin-21","https://pinatelier.org/licht/?utm_source=pinterest&utm_medium=organic_social&utm_campaign=wohnideen&utm_content=1102326446328674505#pin-1102326446328674505"
"1102326446328604648","https://www.amazon.de/Flos-Leuchte-Dimmer-150-Schwarz/dp/B075NMXLYM/?tag=mrtbuildsmrtpin-21","https://pinatelier.org/licht/?utm_source=pinterest&utm_medium=organic_social&utm_campaign=wohnideen&utm_content=1102326446328604648#pin-1102326446328604648"
"1102326446328502448","https://www.amazon.de/s?k=Kartell+Bourgie+Tischleuchte+schwarz&tag=mrtbuildsmrtpin-21","https://pinatelier.org/licht/?utm_source=pinterest&utm_medium=organic_social&utm_campaign=wohnideen&utm_content=1102326446328502448#pin-1102326446328502448"
"1102326446328426493","https://www.amazon.de/dp/B0GWD2MQRH?tag=mrtbuildsmrtpin-21","https://pinatelier.org/licht/?utm_source=pinterest&utm_medium=organic_social&utm_campaign=wohnideen&utm_content=1102326446328426493#pin-1102326446328426493"
"1102326446328326404","https://www.amazon.de/ARTEDinoi-Street-Leinwandbild-Wandbild-Kunstdruck/dp/B0HBFP1D2F?crid=3CS3YA5H2JVPY&dib=eyJ2IjoiMSJ9.e-NJa2wmtnGyz4nAUQNJQcD4a5hsDvk0pZNsP00DiyXzL4U9oawNAZ0Cf-tGHIcYb-G6nszmPuwjvjmiUsYPKx9a-jetSdEswhwXMJj3boppu2d0AvtnQBBcM6xfIYDdTOS2cH3VJQfHocK_fq7s3YkD6WYNvoIur8E2rNbft4YFMTfbf7DAB7_3OrOtz7keAdC57IBekeOiK7wXm7L8kTCyHvilKHqEXYgGCubwhr2gzR0mStFAeRApO32chIO535qcvSW1_WkPASNju9AZ1odNWBRnd4HPbNp54je5GDM.i2AnZO4hp98BGxbwdwWi7vW3g_ltBlv9zNaJzGSIHaw&dib_tag=se&keywords=luxus%2Bdeko&qid=1786947627&refinements=p_36:20000-&rnid=389361011&sprefix=luxus,aps,176&sr=8-50&th=1&linkCode=ll2&tag=mrtbuildsmrtpin-21&linkId=703ddedf0f3c70560b7c94161fc89c91&ref_=as_li_ss_tl","https://pinatelier.org/wohnen/?utm_source=pinterest&utm_medium=organic_social&utm_campaign=wohnideen&utm_content=1102326446328326404#pin-1102326446328326404"
